,cover_image,secret_image_1,secret_image_2,secret_image_3
0,n01784675_467.JPEG,n03100240_440.JPEG,n04133789_165.JPEG,n04251144_385.JPEG
1,n04399382_97.JPEG,n02906734_276.JPEG,n03599486_307.JPEG,n02666196_182.JPEG
2,n04070727_189.JPEG,n09332890_161.JPEG,n01983481_135.JPEG,n03763968_327.JPEG
3,n04507155_315.JPEG,n01944390_239.JPEG,n03393912_115.JPEG,n01770393_349.JPEG
4,n01984695_321.JPEG,n02808440_262.JPEG,n03444034_137.JPEG,n07871810_364.JPEG
5,n04596742_170.JPEG,n03250847_128.JPEG,n03770439_6.JPEG,n07583066_141.JPEG
6,n04399382_300.JPEG,n01984695_404.JPEG,n07873807_444.JPEG,n04179913_370.JPEG
7,n02281406_306.JPEG,n01950731_235.JPEG,n01882714_346.JPEG,n01770393_191.JPEG
8,n04507155_100.JPEG,n03599486_177.JPEG,n01917289_451.JPEG,n03089624_247.JPEG
9,n04275548_271.JPEG,n04371430_429.JPEG,n03837869_363.JPEG,n01644900_253.JPEG
10,n03930313_168.JPEG,n02892201_152.JPEG,n02123394_65.JPEG,n03085013_295.JPEG
11,n03930313_232.JPEG,n02730930_31.JPEG,n04023962_41.JPEG,n01629819_102.JPEG
12,n03837869_404.JPEG,n02123394_318.JPEG,n02906734_356.JPEG,n02504458_357.JPEG
13,n01944390_440.JPEG,n12267677_378.JPEG,n02106662_378.JPEG,n03179701_117.JPEG
14,n03662601_230.JPEG,n01770393_373.JPEG,n02226429_352.JPEG,n04487081_50.JPEG
15,n02666196_114.JPEG,n02190166_13.JPEG,n07715103_54.JPEG,n03617480_364.JPEG
16,n04532106_201.JPEG,n04507155_154.JPEG,n03444034_248.JPEG,n01698640_461.JPEG
17,n03662601_79.JPEG,n04366367_138.JPEG,n03355925_175.JPEG,n01910747_353.JPEG
18,n01984695_405.JPEG,n02883205_272.JPEG,n07579787_316.JPEG,n02226429_157.JPEG
19,n03250847_265.JPEG,n01768244_446.JPEG,n09428293_28.JPEG,n02481823_353.JPEG
20,n03838899_201.JPEG,n03085013_282.JPEG,n01774384_72.JPEG,n03089624_207.JPEG
21,n04532106_433.JPEG,n04376876_244.JPEG,n04099969_90.JPEG,n03424325_479.JPEG
22,n02730930_240.JPEG,n03126707_58.JPEG,n04540053_198.JPEG,n02669723_268.JPEG
23,n02843684_370.JPEG,n03014705_327.JPEG,n02233338_197.JPEG,n03042490_497.JPEG
24,n03255030_354.JPEG,n07715103_147.JPEG,n03544143_436.JPEG,n02814533_309.JPEG
25,n04118538_388.JPEG,n02123045_483.JPEG,n02793495_242.JPEG,n02281406_314.JPEG
26,n03255030_137.JPEG,n02099601_329.JPEG,n02132136_299.JPEG,n03447447_117.JPEG
27,n03014705_230.JPEG,n02129165_309.JPEG,n02206856_357.JPEG,n02906734_43.JPEG
28,n03424325_387.JPEG,n03980874_64.JPEG,n03837869_441.JPEG,n02730930_257.JPEG
29,n02906734_33.JPEG,n01910747_472.JPEG,n03902125_425.JPEG,n02837789_496.JPEG
30,n03042490_183.JPEG,n07615774_54.JPEG,n03977966_72.JPEG,n03544143_476.JPEG
31,n01770393_324.JPEG,n02917067_39.JPEG,n04456115_471.JPEG,n02480495_57.JPEG
32,n02226429_368.JPEG,n03976657_164.JPEG,n02415577_429.JPEG,n02486410_203.JPEG
33,n02279972_154.JPEG,n02190166_67.JPEG,n04133789_489.JPEG,n03179701_36.JPEG
34,n01768244_136.JPEG,n02815834_312.JPEG,n04259630_125.JPEG,n03937543_141.JPEG
35,n04179913_374.JPEG,n02788148_171.JPEG,n02233338_23.JPEG,n07734744_335.JPEG
36,n07614500_466.JPEG,n04487081_75.JPEG,n04133789_140.JPEG,n01882714_349.JPEG
37,n03447447_101.JPEG,n01950731_468.JPEG,n04486054_35.JPEG,n02480495_454.JPEG
38,n02125311_456.JPEG,n02074367_147.JPEG,n02233338_162.JPEG,n02963159_250.JPEG
39,n02948072_378.JPEG,n07614500_84.JPEG,n03977966_391.JPEG,n01644900_28.JPEG
40,n02099601_484.JPEG,n03937543_398.JPEG,n03126707_150.JPEG,n03992509_421.JPEG
41,n03042490_317.JPEG,n07734744_262.JPEG,n03770439_205.JPEG,n02504458_400.JPEG
42,n02815834_208.JPEG,n04074963_211.JPEG,n02395406_39.JPEG,n03804744_249.JPEG
43,n04008634_279.JPEG,n01784675_258.JPEG,n02486410_20.JPEG,n02814860_182.JPEG
44,n03424325_119.JPEG,n03085013_277.JPEG,n02437312_261.JPEG,n04118538_381.JPEG
45,n02132136_412.JPEG,n01882714_16.JPEG,n03444034_443.JPEG,n03662601_302.JPEG
46,n03424325_135.JPEG,n03770439_419.JPEG,n03014705_296.JPEG,n02948072_144.JPEG
47,n09428293_152.JPEG,n02883205_440.JPEG,n02795169_447.JPEG,n02883205_34.JPEG
48,n04465501_241.JPEG,n02106662_487.JPEG,n04562935_428.JPEG,n02403003_437.JPEG
49,n03617480_355.JPEG,n02906734_17.JPEG,n04023962_291.JPEG,n07768694_226.JPEG
50,n03930313_189.JPEG,n03026506_18.JPEG,n03179701_456.JPEG,n02963159_461.JPEG
51,n01882714_292.JPEG,n02231487_172.JPEG,n03617480_19.JPEG,n02977058_266.JPEG
52,n03160309_347.JPEG,n07749582_71.JPEG,n02321529_245.JPEG,n02481823_64.JPEG
53,n07715103_304.JPEG,n02950826_213.JPEG,n04507155_84.JPEG,n02113799_460.JPEG
54,n04371430_294.JPEG,n01882714_167.JPEG,n04507155_324.JPEG,n02815834_114.JPEG
55,n07875152_167.JPEG,n03930313_441.JPEG,n02948072_141.JPEG,n02948072_171.JPEG
56,n04465501_165.JPEG,n03544143_344.JPEG,n03026506_55.JPEG,n03804744_96.JPEG
57,n02231487_113.JPEG,n03649909_178.JPEG,n04074963_197.JPEG,n02423022_128.JPEG
58,n02843684_211.JPEG,n02917067_473.JPEG,n04456115_61.JPEG,n02802426_133.JPEG
59,n03026506_497.JPEG,n02892201_450.JPEG,n07768694_403.JPEG,n01774750_254.JPEG
60,n03444034_447.JPEG,n04275548_174.JPEG,n07615774_9.JPEG,n07734744_216.JPEG
61,n02917067_46.JPEG,n03388043_409.JPEG,n03584254_72.JPEG,n02437312_256.JPEG
62,n03599486_371.JPEG,n02190166_205.JPEG,n02268443_293.JPEG,n02123394_449.JPEG
63,n02814860_293.JPEG,n04023962_385.JPEG,n02124075_42.JPEG,n04398044_154.JPEG
64,n02814860_183.JPEG,n03544143_295.JPEG,n03201208_113.JPEG,n02927161_131.JPEG
65,n02410509_305.JPEG,n04356056_293.JPEG,n04251144_73.JPEG,n02509815_341.JPEG
66,n03977966_281.JPEG,n02099712_169.JPEG,n02423022_190.JPEG,n07920052_490.JPEG
67,n02106662_70.JPEG,n01917289_267.JPEG,n02415577_28.JPEG,n03733131_379.JPEG
68,n02129165_423.JPEG,n04532670_438.JPEG,n04540053_445.JPEG,n04254777_456.JPEG
69,n03838899_132.JPEG,n02236044_166.JPEG,n01629819_402.JPEG,n03930313_222.JPEG
70,n02909870_207.JPEG,n04507155_89.JPEG,n02403003_143.JPEG,n09246464_212.JPEG
71,n04456115_154.JPEG,n03854065_24.JPEG,n02124075_200.JPEG,n02321529_33.JPEG
72,n09428293_87.JPEG,n09246464_116.JPEG,n03992509_305.JPEG,n02123394_146.JPEG
73,n03976657_255.JPEG,n02480495_109.JPEG,n02504458_44.JPEG,n02099601_55.JPEG
74,n04328186_164.JPEG,n07747607_423.JPEG,n04487081_212.JPEG,n03891332_175.JPEG
75,n02509815_1.JPEG,n09246464_403.JPEG,n04596742_228.JPEG,n02795169_174.JPEG
76,n01742172_121.JPEG,n03902125_304.JPEG,n02437312_392.JPEG,n02113799_342.JPEG
77,n03733131_155.JPEG,n01910747_408.JPEG,n04356056_367.JPEG,n02236044_131.JPEG
78,n04501370_102.JPEG,n03355925_345.JPEG,n01855672_447.JPEG,n02190166_328.JPEG
79,n04486054_276.JPEG,n04099969_339.JPEG,n07695742_168.JPEG,n03085013_367.JPEG
80,n04532670_306.JPEG,n02085620_1.JPEG,n04597913_365.JPEG,n04070727_175.JPEG
81,n04560804_452.JPEG,n03042490_372.JPEG,n02769748_420.JPEG,n07615774_45.JPEG
82,n04149813_68.JPEG,n02123394_276.JPEG,n01944390_313.JPEG,n02481823_243.JPEG
83,n02950826_190.JPEG,n03026506_91.JPEG,n04146614_362.JPEG,n02099712_249.JPEG
84,n01641577_188.JPEG,n03544143_96.JPEG,n04532106_366.JPEG,n04067472_332.JPEG
85,n01641577_290.JPEG,n04487081_186.JPEG,n02795169_244.JPEG,n01629819_359.JPEG
86,n04562935_35.JPEG,n02226429_75.JPEG,n04540053_344.JPEG,n02730930_463.JPEG
87,n02769748_455.JPEG,n03544143_252.JPEG,n04251144_298.JPEG,n04501370_377.JPEG
88,n03670208_267.JPEG,n04023962_395.JPEG,n03584254_358.JPEG,n02481823_314.JPEG
89,n03404251_183.JPEG,n02843684_188.JPEG,n03649909_389.JPEG,n01855672_209.JPEG
90,n09332890_339.JPEG,n02002724_144.JPEG,n02486410_403.JPEG,n04417672_307.JPEG
91,n02190166_453.JPEG,n02730930_127.JPEG,n07614500_436.JPEG,n01983481_301.JPEG
92,n04067472_200.JPEG,n02814533_121.JPEG,n04133789_133.JPEG,n04532670_175.JPEG
93,n07871810_148.JPEG,n03393912_213.JPEG,n07734744_152.JPEG,n03599486_360.JPEG
94,n04399382_45.JPEG,n03404251_36.JPEG,n03584254_425.JPEG,n02988304_18.JPEG
95,n04259630_353.JPEG,n02802426_367.JPEG,n02699494_455.JPEG,n04118538_143.JPEG
96,n04008634_65.JPEG,n04251144_495.JPEG,n02480495_301.JPEG,n04456115_59.JPEG
97,n01629819_316.JPEG,n02125311_271.JPEG,n02415577_155.JPEG,n09246464_465.JPEG
98,n02074367_82.JPEG,n07579787_343.JPEG,n04285008_284.JPEG,n03992509_493.JPEG
99,n03937543_288.JPEG,n07753592_302.JPEG,n01742172_59.JPEG,n04328186_116.JPEG
100,n02843684_204.JPEG,n04562935_148.JPEG,n03126707_258.JPEG,n02481823_164.JPEG
101,n03026506_151.JPEG,n02190166_490.JPEG,n07873807_213.JPEG,n03404251_272.JPEG
102,n04099969_161.JPEG,n07875152_314.JPEG,n02415577_4.JPEG,n03796401_12.JPEG
103,n03444034_417.JPEG,n07873807_266.JPEG,n04376876_477.JPEG,n03937543_28.JPEG
104,n03796401_330.JPEG,n02999410_170.JPEG,n03179701_457.JPEG,n04179913_16.JPEG
105,n04074963_237.JPEG,n07614500_194.JPEG,n03837869_470.JPEG,n03599486_268.JPEG
106,n07749582_88.JPEG,n04285008_80.JPEG,n03584254_36.JPEG,n02106662_204.JPEG
107,n04376876_272.JPEG,n03126707_260.JPEG,n02125311_465.JPEG,n03770439_292.JPEG
108,n02504458_394.JPEG,n01629819_256.JPEG,n09246464_114.JPEG,n02236044_387.JPEG
109,n04275548_39.JPEG,n02437312_409.JPEG,n07920052_415.JPEG,n03983396_29.JPEG
110,n01855672_389.JPEG,n01910747_176.JPEG,n04265275_188.JPEG,n02125311_449.JPEG
111,n02909870_11.JPEG,n04259630_331.JPEG,n04560804_262.JPEG,n02281406_100.JPEG
112,n07920052_252.JPEG,n02788148_45.JPEG,n02917067_485.JPEG,n01443537_290.JPEG
113,n09332890_171.JPEG,n01742172_320.JPEG,n03804744_278.JPEG,n03980874_141.JPEG
114,n02823428_90.JPEG,n02883205_463.JPEG,n02415577_260.JPEG,n02480495_269.JPEG
115,n02123045_346.JPEG,n02113799_90.JPEG,n04501370_81.JPEG,n07734744_64.JPEG
116,n03404251_57.JPEG,n04532106_238.JPEG,n03085013_271.JPEG,n03796401_438.JPEG
117,n02281406_423.JPEG,n01629819_493.JPEG,n02509815_339.JPEG,n03201208_390.JPEG
118,n02395406_5.JPEG,n03355925_220.JPEG,n04596742_483.JPEG,n01629819_236.JPEG
119,n02988304_209.JPEG,n02058221_16.JPEG,n09428293_360.JPEG,n04532670_192.JPEG
120,n02058221_4.JPEG,n04540053_106.JPEG,n04465501_343.JPEG,n01950731_118.JPEG
121,n03980874_209.JPEG,n03763968_66.JPEG,n02909870_376.JPEG,n02058221_244.JPEG
122,n01984695_387.JPEG,n09193705_375.JPEG,n07749582_122.JPEG,n04501370_35.JPEG
123,n02481823_197.JPEG,n02841315_409.JPEG,n02906734_255.JPEG,n03255030_43.JPEG
124,n02948072_249.JPEG,n06596364_311.JPEG,n03770439_32.JPEG,n03977966_112.JPEG
125,n02410509_320.JPEG,n02808440_178.JPEG,n02883205_29.JPEG,n04417672_338.JPEG
126,n01443537_127.JPEG,n03355925_39.JPEG,n01784675_389.JPEG,n07747607_215.JPEG
127,n03662601_494.JPEG,n02963159_418.JPEG,n04251144_7.JPEG,n01945685_470.JPEG
128,n02769748_465.JPEG,n02977058_85.JPEG,n01784675_492.JPEG,n04562935_299.JPEG
129,n04371430_117.JPEG,n07711569_290.JPEG,n02909870_275.JPEG,n04562935_111.JPEG
130,n04532106_319.JPEG,n02423022_246.JPEG,n02669723_490.JPEG,n02190166_402.JPEG
131,n03388043_209.JPEG,n07579787_446.JPEG,n01855672_360.JPEG,n03085013_4.JPEG
132,n01983481_159.JPEG,n04118538_416.JPEG,n02415577_143.JPEG,n01945685_161.JPEG
133,n02795169_208.JPEG,n02233338_77.JPEG,n04597913_8.JPEG,n07711569_161.JPEG
134,n02480495_4.JPEG,n04133789_306.JPEG,n02124075_82.JPEG,n02074367_19.JPEG
135,n02808440_233.JPEG,n04540053_265.JPEG,n02165456_238.JPEG,n03804744_78.JPEG
136,n02808440_218.JPEG,n02837789_268.JPEG,n02788148_328.JPEG,n02056570_238.JPEG
137,n03447447_465.JPEG,n01945685_474.JPEG,n03447447_394.JPEG,n03649909_272.JPEG
138,n03838899_259.JPEG,n04371430_111.JPEG,n03404251_240.JPEG,n04507155_30.JPEG
139,n03838899_299.JPEG,n01768244_147.JPEG,n02106662_448.JPEG,n02730930_117.JPEG
140,n03404251_133.JPEG,n03814639_390.JPEG,n02791270_145.JPEG,n03891332_254.JPEG
141,n02129165_180.JPEG,n02802426_437.JPEG,n02841315_472.JPEG,n04376876_140.JPEG
142,n03649909_92.JPEG,n01443537_232.JPEG,n02056570_25.JPEG,n04254777_122.JPEG
143,n07871810_280.JPEG,n03160309_484.JPEG,n02823428_321.JPEG,n02883205_186.JPEG
144,n04285008_328.JPEG,n02730930_369.JPEG,n07579787_270.JPEG,n03447447_270.JPEG
145,n02906734_146.JPEG,n03404251_231.JPEG,n04251144_157.JPEG,n03977966_65.JPEG
146,n04376876_480.JPEG,n07615774_216.JPEG,n02279972_341.JPEG,n04596742_421.JPEG
147,n07579787_375.JPEG,n03854065_23.JPEG,n02808440_261.JPEG,n03649909_72.JPEG
148,n02892201_163.JPEG,n01774750_352.JPEG,n07873807_272.JPEG,n02793495_452.JPEG
149,n03100240_279.JPEG,n04008634_406.JPEG,n09256479_491.JPEG,n09428293_189.JPEG
150,n03670208_403.JPEG,n03976657_31.JPEG,n01855672_392.JPEG,n02927161_127.JPEG
151,n04179913_444.JPEG,n01950731_296.JPEG,n02281406_419.JPEG,n03424325_359.JPEG
152,n04023962_94.JPEG,n02963159_133.JPEG,n01644900_193.JPEG,n01698640_290.JPEG
153,n03977966_202.JPEG,n03637318_496.JPEG,n04133789_444.JPEG,n02988304_133.JPEG
154,n02814860_219.JPEG,n04328186_277.JPEG,n04146614_414.JPEG,n03014705_16.JPEG
155,n02099712_57.JPEG,n02769748_332.JPEG,n02165456_100.JPEG,n03814639_58.JPEG
156,n04023962_195.JPEG,n02999410_110.JPEG,n07749582_34.JPEG,n07583066_51.JPEG
157,n07749582_27.JPEG,n07875152_41.JPEG,n01644900_214.JPEG,n01983481_147.JPEG
158,n04597913_383.JPEG,n03444034_385.JPEG,n03617480_25.JPEG,n02793495_378.JPEG
159,n04597913_334.JPEG,n02364673_229.JPEG,n02699494_66.JPEG,n02802426_21.JPEG
160,n03649909_305.JPEG,n02410509_267.JPEG,n03970156_172.JPEG,n03891332_348.JPEG
161,n04074963_134.JPEG,n01770393_471.JPEG,n07875152_182.JPEG,n03255030_72.JPEG
162,n04596742_371.JPEG,n03814639_487.JPEG,n02795169_367.JPEG,n02814533_229.JPEG
163,n03637318_423.JPEG,n06596364_36.JPEG,n04275548_354.JPEG,n02769748_157.JPEG
164,n03089624_35.JPEG,n07734744_337.JPEG,n03796401_48.JPEG,n01784675_247.JPEG
165,n09193705_390.JPEG,n03014705_434.JPEG,n02058221_269.JPEG,n04597913_42.JPEG
166,n02791270_97.JPEG,n02948072_20.JPEG,n01944390_76.JPEG,n02815834_446.JPEG
167,n02281406_11.JPEG,n03804744_345.JPEG,n03544143_170.JPEG,n03902125_83.JPEG
168,n02699494_410.JPEG,n03126707_381.JPEG,n04371430_25.JPEG,n02123045_426.JPEG
169,n02123045_214.JPEG,n09256479_256.JPEG,n03796401_174.JPEG,n04251144_53.JPEG
170,n02730930_210.JPEG,n04008634_289.JPEG,n01644900_79.JPEG,n01944390_393.JPEG
171,n03977966_119.JPEG,n04532106_93.JPEG,n03902125_53.JPEG,n02094433_53.JPEG
172,n04146614_206.JPEG,n03444034_499.JPEG,n02504458_272.JPEG,n03400231_493.JPEG
173,n03891332_27.JPEG,n02058221_156.JPEG,n07615774_290.JPEG,n02364673_360.JPEG
174,n04259630_324.JPEG,n02892201_337.JPEG,n02927161_249.JPEG,n02058221_331.JPEG
175,n02892201_175.JPEG,n02085620_320.JPEG,n02074367_337.JPEG,n04259630_419.JPEG
176,n12267677_428.JPEG,n03444034_39.JPEG,n01644900_493.JPEG,n02948072_354.JPEG
177,n03400231_69.JPEG,n03706229_97.JPEG,n09256479_308.JPEG,n03902125_40.JPEG
178,n04371430_337.JPEG,n01950731_434.JPEG,n02480495_400.JPEG,n07920052_166.JPEG
179,n04311004_391.JPEG,n02165456_439.JPEG,n07614500_184.JPEG,n02950826_489.JPEG
180,n02815834_276.JPEG,n04356056_264.JPEG,n04008634_75.JPEG,n03763968_408.JPEG
181,n02423022_207.JPEG,n02999410_41.JPEG,n02791270_408.JPEG,n04275548_494.JPEG
182,n03100240_145.JPEG,n02481823_133.JPEG,n07579787_97.JPEG,n03763968_144.JPEG
183,n04070727_325.JPEG,n02837789_123.JPEG,n04311004_111.JPEG,n04311004_276.JPEG
184,n07749582_135.JPEG,n02056570_320.JPEG,n02963159_466.JPEG,n03983396_10.JPEG
185,n03976657_268.JPEG,n03179701_107.JPEG,n03085013_201.JPEG,n01945685_139.JPEG
186,n01983481_328.JPEG,n01984695_176.JPEG,n01768244_202.JPEG,n02099712_421.JPEG
187,n01950731_485.JPEG,n02056570_321.JPEG,n02823428_435.JPEG,n07715103_207.JPEG
188,n09193705_158.JPEG,n02231487_24.JPEG,n02132136_268.JPEG,n03983396_296.JPEG
189,n03126707_149.JPEG,n04487081_171.JPEG,n07579787_229.JPEG,n03400231_2.JPEG
190,n02132136_262.JPEG,n02233338_78.JPEG,n03014705_365.JPEG,n07695742_361.JPEG
191,n02236044_410.JPEG,n02843684_126.JPEG,n03393912_67.JPEG,n02814533_490.JPEG
192,n03617480_106.JPEG,n07720875_99.JPEG,n07615774_52.JPEG,n04133789_48.JPEG
193,n01698640_187.JPEG,n03250847_432.JPEG,n01944390_149.JPEG,n03042490_356.JPEG
194,n04366367_77.JPEG,n02099712_209.JPEG,n12267677_347.JPEG,n02231487_416.JPEG
195,n04487081_17.JPEG,n04399382_436.JPEG,n01742172_303.JPEG,n01917289_27.JPEG
196,n01917289_73.JPEG,n01917289_174.JPEG,n03706229_458.JPEG,n02058221_250.JPEG
197,n04265275_318.JPEG,n04465501_351.JPEG,n09332890_311.JPEG,n03937543_226.JPEG
198,n04399382_182.JPEG,n03902125_297.JPEG,n02231487_85.JPEG,n01983481_2.JPEG
199,n02509815_91.JPEG,n04376876_367.JPEG,n04074963_437.JPEG,n02988304_339.JPEG
200,n01950731_475.JPEG,n02231487_76.JPEG,n02058221_405.JPEG,n03733131_154.JPEG
201,n01774384_237.JPEG,n03670208_141.JPEG,n01910747_152.JPEG,n07920052_373.JPEG
202,n02988304_294.JPEG,n04070727_161.JPEG,n04532106_148.JPEG,n04254777_148.JPEG
203,n06596364_29.JPEG,n02321529_440.JPEG,n01644900_366.JPEG,n01742172_257.JPEG
204,n03250847_477.JPEG,n03599486_350.JPEG,n02085620_31.JPEG,n01641577_300.JPEG
205,n03089624_141.JPEG,n01774750_141.JPEG,n01950731_78.JPEG,n03201208_72.JPEG
206,n02669723_489.JPEG,n07715103_342.JPEG,n02999410_221.JPEG,n02321529_366.JPEG
207,n02124075_190.JPEG,n03100240_274.JPEG,n02236044_135.JPEG,n01774384_265.JPEG
208,n04179913_116.JPEG,n03983396_158.JPEG,n01443537_291.JPEG,n07747607_343.JPEG
209,n02669723_457.JPEG,n02124075_286.JPEG,n07711569_414.JPEG,n02669723_439.JPEG
210,n04562935_405.JPEG,n04067472_387.JPEG,n02085620_436.JPEG,n07615774_170.JPEG
211,n02843684_29.JPEG,n02002724_159.JPEG,n02403003_204.JPEG,n02504458_205.JPEG
212,n01910747_173.JPEG,n01774384_444.JPEG,n02124075_123.JPEG,n03089624_150.JPEG
213,n09193705_160.JPEG,n02963159_211.JPEG,n02056570_457.JPEG,n03796401_332.JPEG
214,n02129165_101.JPEG,n04398044_459.JPEG,n03854065_124.JPEG,n02099601_167.JPEG
215,n02002724_431.JPEG,n09246464_201.JPEG,n09256479_250.JPEG,n02666196_360.JPEG
216,n03250847_109.JPEG,n04501370_215.JPEG,n02099601_491.JPEG,n04597913_490.JPEG
217,n02837789_429.JPEG,n07875152_213.JPEG,n02480495_172.JPEG,n03447447_223.JPEG
218,n01742172_12.JPEG,n02815834_491.JPEG,n02094433_342.JPEG,n02074367_63.JPEG
219,n04376876_155.JPEG,n04067472_62.JPEG,n03804744_264.JPEG,n03160309_329.JPEG
220,n03970156_21.JPEG,n02132136_429.JPEG,n03201208_94.JPEG,n02415577_379.JPEG
221,n01774384_19.JPEG,n04118538_117.JPEG,n04285008_230.JPEG,n02125311_369.JPEG
222,n04398044_113.JPEG,n02793495_202.JPEG,n02977058_325.JPEG,n07579787_101.JPEG
223,n04254777_228.JPEG,n02410509_280.JPEG,n01742172_74.JPEG,n03983396_457.JPEG
224,n07614500_309.JPEG,n02236044_124.JPEG,n04275548_461.JPEG,n07614500_335.JPEG
225,n02279972_460.JPEG,n04456115_426.JPEG,n02058221_30.JPEG,n04560804_233.JPEG
226,n03706229_461.JPEG,n03544143_198.JPEG,n02094433_88.JPEG,n01882714_419.JPEG
227,n02669723_173.JPEG,n02123394_347.JPEG,n03992509_331.JPEG,n02403003_93.JPEG
228,n04356056_301.JPEG,n02802426_50.JPEG,n03976657_245.JPEG,n07873807_61.JPEG
229,n03992509_233.JPEG,n02099601_141.JPEG,n03388043_418.JPEG,n02843684_498.JPEG
230,n02099712_316.JPEG,n01698640_323.JPEG,n12267677_433.JPEG,n02814533_126.JPEG
231,n03706229_122.JPEG,n04560804_287.JPEG,n03976657_160.JPEG,n04487081_456.JPEG
232,n01984695_464.JPEG,n03837869_382.JPEG,n07734744_319.JPEG,n03201208_447.JPEG
233,n04399382_121.JPEG,n07873807_202.JPEG,n02056570_107.JPEG,n03026506_382.JPEG
234,n04487081_287.JPEG,n07583066_140.JPEG,n02999410_292.JPEG,n02233338_30.JPEG
235,n04376876_32.JPEG,n02113799_436.JPEG,n02823428_419.JPEG,n01917289_131.JPEG
236,n01641577_43.JPEG,n02236044_346.JPEG,n07920052_3.JPEG,n09193705_255.JPEG
237,n02415577_466.JPEG,n04487081_142.JPEG,n02123045_443.JPEG,n01641577_55.JPEG
238,n02795169_358.JPEG,n02814860_259.JPEG,n04417672_498.JPEG,n03854065_49.JPEG
239,n02802426_294.JPEG,n03902125_237.JPEG,n07583066_269.JPEG,n04265275_293.JPEG
240,n03179701_168.JPEG,n02808440_487.JPEG,n03400231_72.JPEG,n04532670_281.JPEG
241,n12267677_203.JPEG,n02123045_75.JPEG,n04074963_368.JPEG,n02415577_237.JPEG
242,n04259630_124.JPEG,n03670208_47.JPEG,n03977966_492.JPEG,n04251144_378.JPEG
243,n02480495_117.JPEG,n02977058_326.JPEG,n02788148_301.JPEG,n12267677_425.JPEG
244,n07720875_88.JPEG,n03393912_170.JPEG,n03854065_323.JPEG,n02123394_472.JPEG
245,n09246464_3.JPEG,n02917067_237.JPEG,n02281406_205.JPEG,n03930313_304.JPEG
246,n07583066_221.JPEG,n02403003_480.JPEG,n01882714_145.JPEG,n04070727_29.JPEG
247,n03706229_289.JPEG,n04487081_176.JPEG,n07873807_255.JPEG,n03814639_297.JPEG
248,n03255030_15.JPEG,n03891332_33.JPEG,n04254777_59.JPEG,n03838899_157.JPEG
249,n07583066_263.JPEG,n02699494_406.JPEG,n04507155_201.JPEG,n02977058_21.JPEG
250,n02666196_476.JPEG,n04501370_156.JPEG,n02206856_180.JPEG,n01774750_38.JPEG
251,n02437312_480.JPEG,n02165456_124.JPEG,n02437312_476.JPEG,n03599486_199.JPEG
252,n03662601_197.JPEG,n04560804_30.JPEG,n03160309_312.JPEG,n01774750_288.JPEG
253,n01945685_186.JPEG,n02666196_177.JPEG,n02125311_266.JPEG,n01910747_445.JPEG
254,n04356056_222.JPEG,n04146614_383.JPEG,n03706229_378.JPEG,n02837789_74.JPEG
255,n02977058_40.JPEG,n02165456_51.JPEG,n02999410_217.JPEG,n07747607_161.JPEG
256,n02123394_135.JPEG,n02403003_451.JPEG,n07753592_185.JPEG,n03179701_91.JPEG
257,n02837789_119.JPEG,n02423022_419.JPEG,n02123394_381.JPEG,n03393912_105.JPEG
258,n04074963_465.JPEG,n03400231_110.JPEG,n01770393_332.JPEG,n02504458_96.JPEG
259,n03983396_319.JPEG,n03089624_205.JPEG,n02165456_246.JPEG,n02437312_449.JPEG
260,n02268443_251.JPEG,n02788148_359.JPEG,n03201208_153.JPEG,n01784675_141.JPEG
261,n07875152_327.JPEG,n02788148_256.JPEG,n03100240_447.JPEG,n09332890_110.JPEG
262,n03649909_337.JPEG,n02190166_215.JPEG,n02699494_218.JPEG,n02113799_180.JPEG
263,n02410509_106.JPEG,n02279972_468.JPEG,n04507155_190.JPEG,n02509815_79.JPEG
264,n04417672_103.JPEG,n02002724_461.JPEG,n02509815_67.JPEG,n02909870_480.JPEG
265,n04532106_70.JPEG,n02699494_102.JPEG,n02927161_142.JPEG,n02909870_400.JPEG
266,n04023962_87.JPEG,n02094433_158.JPEG,n03891332_227.JPEG,n04465501_314.JPEG
267,n01984695_91.JPEG,n01644900_140.JPEG,n04501370_27.JPEG,n01698640_358.JPEG
268,n01443537_106.JPEG,n02268443_485.JPEG,n04376876_357.JPEG,n04328186_374.JPEG
269,n03804744_292.JPEG,n02106662_327.JPEG,n02364673_445.JPEG,n03970156_54.JPEG
270,n03770439_326.JPEG,n02129165_479.JPEG,n04265275_231.JPEG,n01641577_378.JPEG
271,n04560804_395.JPEG,n02129165_29.JPEG,n02837789_344.JPEG,n02094433_233.JPEG
272,n07614500_267.JPEG,n02841315_64.JPEG,n09332890_478.JPEG,n04366367_421.JPEG
273,n07615774_6.JPEG,n03160309_116.JPEG,n03255030_186.JPEG,n03100240_51.JPEG
274,n02917067_174.JPEG,n02410509_346.JPEG,n02236044_5.JPEG,n02124075_195.JPEG
275,n02481823_232.JPEG,n02268443_49.JPEG,n04417672_303.JPEG,n02486410_445.JPEG
276,n04311004_127.JPEG,n02883205_348.JPEG,n03584254_62.JPEG,n04251144_193.JPEG
277,n03706229_304.JPEG,n01768244_194.JPEG,n03388043_86.JPEG,n04328186_285.JPEG
278,n02808440_288.JPEG,n07753592_452.JPEG,n03814639_245.JPEG,n04008634_411.JPEG
279,n02085620_61.JPEG,n02963159_495.JPEG,n02486410_392.JPEG,n02769748_237.JPEG
280,n04486054_125.JPEG,n04285008_398.JPEG,n02074367_467.JPEG,n06596364_349.JPEG
281,n04008634_361.JPEG,n02509815_415.JPEG,n04465501_146.JPEG,n03617480_272.JPEG
282,n04560804_283.JPEG,n04149813_202.JPEG,n07871810_445.JPEG,n07695742_6.JPEG
283,n01882714_200.JPEG,n03837869_208.JPEG,n02113799_445.JPEG,n09428293_219.JPEG
284,n04597913_329.JPEG,n02056570_113.JPEG,n02793495_69.JPEG,n03670208_191.JPEG
285,n02802426_260.JPEG,n02165456_478.JPEG,n03255030_196.JPEG,n03649909_231.JPEG
286,n03992509_431.JPEG,n04562935_280.JPEG,n02268443_123.JPEG,n01855672_198.JPEG
287,n01742172_469.JPEG,n01698640_107.JPEG,n07583066_238.JPEG,n04532670_491.JPEG
288,n07753592_63.JPEG,n02504458_318.JPEG,n02206856_9.JPEG,n02281406_476.JPEG
289,n04133789_20.JPEG,n03763968_152.JPEG,n03355925_376.JPEG,n03854065_77.JPEG
290,n04070727_409.JPEG,n01770393_187.JPEG,n02802426_158.JPEG,n03544143_444.JPEG
291,n03814639_464.JPEG,n03763968_273.JPEG,n07920052_239.JPEG,n04023962_323.JPEG
292,n01984695_106.JPEG,n02206856_17.JPEG,n02823428_219.JPEG,n04399382_127.JPEG
293,n02837789_146.JPEG,n02950826_351.JPEG,n01742172_42.JPEG,n03584254_328.JPEG
294,n03662601_308.JPEG,n02950826_93.JPEG,n02123045_133.JPEG,n01983481_36.JPEG
295,n04417672_366.JPEG,n07747607_0.JPEG,n03250847_436.JPEG,n03179701_12.JPEG
296,n04596742_427.JPEG,n02814860_135.JPEG,n02788148_129.JPEG,n07920052_18.JPEG
297,n04486054_489.JPEG,n03400231_148.JPEG,n04560804_268.JPEG,n09428293_52.JPEG
298,n03992509_248.JPEG,n01644900_236.JPEG,n02423022_495.JPEG,n07753592_358.JPEG
299,n07583066_277.JPEG,n04366367_420.JPEG,n07747607_90.JPEG,n02123045_187.JPEG
300,n04562935_102.JPEG,n02999410_488.JPEG,n02666196_5.JPEG,n02364673_494.JPEG
301,n04149813_55.JPEG,n02279972_196.JPEG,n02094433_30.JPEG,n03662601_115.JPEG
302,n03977966_350.JPEG,n02802426_239.JPEG,n02085620_188.JPEG,n02321529_288.JPEG
303,n04149813_138.JPEG,n03930313_86.JPEG,n04328186_491.JPEG,n02190166_305.JPEG
304,n04149813_336.JPEG,n01945685_54.JPEG,n04366367_261.JPEG,n04146614_466.JPEG
305,n01774384_361.JPEG,n02837789_71.JPEG,n02321529_325.JPEG,n02917067_144.JPEG
306,n03770439_233.JPEG,n02099601_354.JPEG,n01944390_176.JPEG,n03424325_324.JPEG
307,n04311004_160.JPEG,n03733131_447.JPEG,n04074963_224.JPEG,n07615774_107.JPEG
308,n03201208_277.JPEG,n12267677_258.JPEG,n02099601_340.JPEG,n07614500_25.JPEG
309,n04597913_41.JPEG,n03637318_90.JPEG,n04311004_192.JPEG,n02125311_65.JPEG
310,n02814533_220.JPEG,n03393912_361.JPEG,n02808440_348.JPEG,n02892201_221.JPEG
311,n03770439_259.JPEG,n03796401_226.JPEG,n02165456_138.JPEG,n03937543_266.JPEG
312,n01945685_167.JPEG,n03837869_373.JPEG,n03804744_347.JPEG,n02486410_493.JPEG
313,n02423022_69.JPEG,n04067472_298.JPEG,n01984695_153.JPEG,n02769748_394.JPEG
314,n02321529_246.JPEG,n02814860_297.JPEG,n02190166_258.JPEG,n03404251_274.JPEG
315,n03837869_83.JPEG,n03355925_29.JPEG,n02823428_31.JPEG,n02481823_227.JPEG
316,n02268443_390.JPEG,n02236044_100.JPEG,n07747607_107.JPEG,n07720875_10.JPEG
317,n01698640_263.JPEG,n07871810_193.JPEG,n02823428_337.JPEG,n02129165_50.JPEG
318,n09256479_185.JPEG,n01774750_228.JPEG,n04099969_435.JPEG,n04532670_433.JPEG
319,n01629819_59.JPEG,n03584254_303.JPEG,n02113799_177.JPEG,n04399382_161.JPEG
320,n07873807_28.JPEG,n09428293_421.JPEG,n03179701_293.JPEG,n03355925_222.JPEG
321,n03970156_77.JPEG,n02808440_389.JPEG,n04265275_412.JPEG,n02999410_447.JPEG
322,n04596742_67.JPEG,n02226429_428.JPEG,n02132136_248.JPEG,n02233338_252.JPEG
323,n02837789_297.JPEG,n02841315_349.JPEG,n01641577_302.JPEG,n02206856_102.JPEG
324,n02480495_7.JPEG,n02963159_440.JPEG,n09332890_211.JPEG,n02814860_0.JPEG
325,n09428293_323.JPEG,n02395406_466.JPEG,n06596364_191.JPEG,n04133789_258.JPEG
326,n03089624_307.JPEG,n02206856_266.JPEG,n02129165_151.JPEG,n04008634_78.JPEG
327,n03796401_60.JPEG,n09256479_3.JPEG,n02206856_202.JPEG,n02233338_227.JPEG
328,n07875152_224.JPEG,n01910747_465.JPEG,n07695742_323.JPEG,n02814860_364.JPEG
329,n04532670_171.JPEG,n09256479_285.JPEG,n02791270_168.JPEG,n02509815_131.JPEG
330,n03763968_317.JPEG,n01917289_203.JPEG,n02963159_147.JPEG,n04371430_83.JPEG
331,n02094433_33.JPEG,n03089624_193.JPEG,n07720875_459.JPEG,n03970156_124.JPEG
332,n04371430_331.JPEG,n02793495_320.JPEG,n04099969_204.JPEG,n02486410_462.JPEG
333,n03637318_45.JPEG,n02165456_380.JPEG,n07695742_37.JPEG,n03085013_316.JPEG
334,n04067472_308.JPEG,n04311004_247.JPEG,n04597913_481.JPEG,n03733131_148.JPEG
335,n02132136_442.JPEG,n07875152_151.JPEG,n02058221_339.JPEG,n02124075_158.JPEG
336,n02795169_490.JPEG,n02395406_184.JPEG,n03026506_429.JPEG,n03670208_101.JPEG
337,n02113799_402.JPEG,n03838899_467.JPEG,n02999410_17.JPEG,n03014705_287.JPEG
338,n03977966_188.JPEG,n02950826_139.JPEG,n02129165_61.JPEG,n03976657_185.JPEG
339,n01910747_137.JPEG,n02395406_229.JPEG,n04099969_164.JPEG,n04067472_403.JPEG
340,n12267677_440.JPEG,n03026506_209.JPEG,n03126707_261.JPEG,n02823428_335.JPEG
341,n07720875_314.JPEG,n02002724_422.JPEG,n04311004_62.JPEG,n01774750_92.JPEG
342,n04008634_160.JPEG,n03983396_72.JPEG,n02165456_190.JPEG,n03584254_275.JPEG
343,n03937543_254.JPEG,n01629819_49.JPEG,n02113799_50.JPEG,n03042490_12.JPEG
344,n02106662_256.JPEG,n02099601_488.JPEG,n03937543_25.JPEG,n04149813_142.JPEG
345,n03733131_158.JPEG,n01855672_273.JPEG,n01984695_377.JPEG,n04540053_417.JPEG
346,n02909870_384.JPEG,n09256479_177.JPEG,n03255030_114.JPEG,n04149813_120.JPEG
347,n04146614_21.JPEG,n04356056_478.JPEG,n02814533_197.JPEG,n04099969_78.JPEG
348,n07768694_43.JPEG,n02085620_253.JPEG,n04259630_409.JPEG,n02791270_448.JPEG
349,n03447447_268.JPEG,n02094433_425.JPEG,n07768694_70.JPEG,n01641577_42.JPEG
350,n02793495_269.JPEG,n07747607_243.JPEG,n04366367_263.JPEG,n03670208_215.JPEG
351,n04465501_298.JPEG,n03014705_274.JPEG,n03970156_381.JPEG,n02268443_4.JPEG
352,n01855672_22.JPEG,n04008634_114.JPEG,n04328186_381.JPEG,n02841315_283.JPEG
353,n02788148_418.JPEG,n02841315_387.JPEG,n03980874_475.JPEG,n04356056_302.JPEG
354,n01774384_148.JPEG,n02132136_22.JPEG,n02963159_112.JPEG,n02906734_349.JPEG
355,n03992509_410.JPEG,n04070727_82.JPEG,n02410509_351.JPEG,n02231487_430.JPEG
356,n04251144_445.JPEG,n02403003_80.JPEG,n02480495_391.JPEG,n03393912_239.JPEG
357,n04597913_450.JPEG,n02795169_464.JPEG,n09193705_207.JPEG,n02509815_62.JPEG
358,n04328186_215.JPEG,n02074367_88.JPEG,n03891332_296.JPEG,n07583066_449.JPEG
359,n01770393_36.JPEG,n03388043_152.JPEG,n02364673_299.JPEG,n07695742_358.JPEG
360,n02099601_430.JPEG,n04265275_344.JPEG,n02233338_478.JPEG,n12267677_371.JPEG
361,n02403003_327.JPEG,n07734744_263.JPEG,n03160309_380.JPEG,n03976657_464.JPEG
362,n04456115_92.JPEG,n07753592_38.JPEG,n03424325_302.JPEG,n03014705_429.JPEG
363,n02669723_82.JPEG,n02977058_419.JPEG,n02364673_32.JPEG,n02843684_209.JPEG
364,n02132136_306.JPEG,n03014705_318.JPEG,n01774384_198.JPEG,n02950826_7.JPEG
365,n01443537_403.JPEG,n02892201_31.JPEG,n01768244_481.JPEG,n02364673_280.JPEG
366,n09246464_463.JPEG,n04149813_459.JPEG,n02927161_222.JPEG,n02841315_166.JPEG
367,n03838899_390.JPEG,n04067472_172.JPEG,n04596742_100.JPEG,n04275548_268.JPEG
368,n06596364_402.JPEG,n06596364_126.JPEG,n01983481_15.JPEG,n03814639_315.JPEG
369,n03976657_172.JPEG,n02094433_180.JPEG,n03599486_126.JPEG,n03980874_20.JPEG
370,n02486410_121.JPEG,n07768694_65.JPEG,n01641577_448.JPEG,n02206856_301.JPEG
371,n03160309_149.JPEG,n03444034_64.JPEG,n04275548_146.JPEG,n04149813_96.JPEG
372,n02699494_460.JPEG,n02909870_252.JPEG,n09428293_237.JPEG,n03393912_293.JPEG
373,n01443537_92.JPEG,n02823428_39.JPEG,n01644900_305.JPEG,n02892201_0.JPEG
374,n04149813_440.JPEG,n01443537_251.JPEG,n01774384_181.JPEG,n02002724_463.JPEG
375,n02206856_270.JPEG,n07711569_210.JPEG,n03584254_39.JPEG,n07747607_478.JPEG
376,n04146614_12.JPEG,n04366367_157.JPEG,n04254777_409.JPEG,n04356056_298.JPEG
377,n02123394_159.JPEG,n03355925_264.JPEG,n04398044_443.JPEG,n02841315_424.JPEG
378,n04532670_178.JPEG,n04501370_386.JPEG,n03980874_283.JPEG,n04070727_406.JPEG
379,n04540053_387.JPEG,n01950731_427.JPEG,n02883205_456.JPEG,n03706229_499.JPEG
380,n01784675_167.JPEG,n04398044_448.JPEG,n03706229_368.JPEG,n07768694_134.JPEG
381,n02788148_498.JPEG,n01774384_63.JPEG,n03902125_381.JPEG,n02437312_78.JPEG
382,n02791270_418.JPEG,n07753592_366.JPEG,n03902125_412.JPEG,n07614500_130.JPEG
383,n03042490_479.JPEG,n07720875_379.JPEG,n03160309_53.JPEG,n04118538_119.JPEG
384,n03796401_435.JPEG,n02226429_458.JPEG,n03444034_342.JPEG,n04265275_279.JPEG
385,n04366367_401.JPEG,n04562935_384.JPEG,n02106662_77.JPEG,n02927161_114.JPEG
386,n02814533_397.JPEG,n01770393_177.JPEG,n07753592_484.JPEG,n04285008_142.JPEG
387,n03733131_366.JPEG,n04133789_47.JPEG,n02699494_101.JPEG,n02268443_351.JPEG
388,n04285008_60.JPEG,n09332890_215.JPEG,n02279972_304.JPEG,n04074963_231.JPEG
389,n07875152_415.JPEG,n03255030_132.JPEG,n03733131_178.JPEG,n01784675_65.JPEG
390,n03662601_261.JPEG,n04540053_181.JPEG,n03980874_105.JPEG,n04146614_268.JPEG
391,n03404251_22.JPEG,n01917289_462.JPEG,n07871810_209.JPEG,n03404251_330.JPEG
392,n07711569_343.JPEG,n04118538_88.JPEG,n02988304_219.JPEG,n03763968_45.JPEG
393,n02480495_135.JPEG,n04070727_90.JPEG,n07747607_256.JPEG,n07579787_276.JPEG
394,n02395406_81.JPEG,n04465501_53.JPEG,n02730930_232.JPEG,n07579787_199.JPEG
395,n03983396_429.JPEG,n04417672_34.JPEG,n04146614_412.JPEG,n04560804_1.JPEG
396,n03388043_253.JPEG,n03447447_124.JPEG,n02793495_195.JPEG,n03706229_387.JPEG
397,n04118538_156.JPEG,n02099712_434.JPEG,n02106662_36.JPEG,n03042490_109.JPEG
398,n07720875_269.JPEG,n03649909_189.JPEG,n03100240_341.JPEG,n09256479_446.JPEG
399,n04532106_262.JPEG,n02669723_356.JPEG,n07875152_420.JPEG,n02699494_244.JPEG
400,n07715103_90.JPEG,n06596364_190.JPEG,n03891332_99.JPEG,n02988304_257.JPEG
401,n02226429_58.JPEG,n02843684_143.JPEG,n01784675_126.JPEG,n02226429_361.JPEG
402,n09193705_245.JPEG,n01917289_304.JPEG,n04560804_455.JPEG,n02403003_393.JPEG
403,n03980874_41.JPEG,n03100240_158.JPEG,n02808440_383.JPEG,n02909870_16.JPEG
404,n04265275_162.JPEG,n02480495_331.JPEG,n04486054_321.JPEG,n04417672_492.JPEG
405,n07871810_91.JPEG,n02892201_416.JPEG,n02481823_18.JPEG,n02950826_380.JPEG
406,n03424325_385.JPEG,n02226429_7.JPEG,n02268443_219.JPEG,n02364673_328.JPEG
407,n04275548_285.JPEG,n03400231_392.JPEG,n02074367_264.JPEG,n02815834_149.JPEG
408,n02730930_183.JPEG,n07715103_399.JPEG,n04146614_57.JPEG,n03250847_61.JPEG
409,n03250847_273.JPEG,n03804744_275.JPEG,n03160309_54.JPEG,n03930313_141.JPEG
410,n07734744_346.JPEG,n03201208_314.JPEG,n02948072_94.JPEG,n01917289_417.JPEG
411,n07920052_324.JPEG,n02950826_65.JPEG,n02268443_338.JPEG,n02410509_7.JPEG
412,n02395406_119.JPEG,n04371430_295.JPEG,n01855672_27.JPEG,n04179913_250.JPEG
413,n02099712_179.JPEG,n02927161_62.JPEG,n02226429_168.JPEG,n04179913_113.JPEG
414,n02486410_64.JPEG,n07749582_6.JPEG,n04486054_385.JPEG,n07871810_450.JPEG
415,n02480495_422.JPEG,n02279972_206.JPEG,n02909870_135.JPEG,n07871810_265.JPEG
416,n03393912_444.JPEG,n02364673_439.JPEG,n01774750_374.JPEG,n04285008_258.JPEG
417,n09256479_162.JPEG,n01945685_153.JPEG,n07871810_252.JPEG,n07615774_253.JPEG
418,n03100240_23.JPEG,n03854065_381.JPEG,n03837869_361.JPEG,n03179701_199.JPEG
419,n03201208_315.JPEG,n03733131_476.JPEG,n03891332_251.JPEG,n03670208_312.JPEG
420,n02074367_288.JPEG,n03201208_304.JPEG,n02669723_79.JPEG,n02788148_232.JPEG
421,n03804744_305.JPEG,n02883205_317.JPEG,n03400231_48.JPEG,n02917067_236.JPEG
422,n03160309_326.JPEG,n02480495_213.JPEG,n04311004_295.JPEG,n03388043_493.JPEG
423,n04067472_478.JPEG,n01855672_434.JPEG,n01882714_1.JPEG,n02321529_426.JPEG
424,n02999410_152.JPEG,n03026506_220.JPEG,n02769748_450.JPEG,n02815834_334.JPEG
425,n01950731_117.JPEG,n03637318_61.JPEG,n02793495_277.JPEG,n02231487_447.JPEG
426,n01629819_365.JPEG,n02132136_33.JPEG,n03770439_169.JPEG,n01768244_314.JPEG
427,n02125311_413.JPEG,n01768244_224.JPEG,n07720875_399.JPEG,n02364673_176.JPEG
428,n02236044_86.JPEG,n02410509_231.JPEG,n07768694_415.JPEG,n04179913_26.JPEG
429,n03250847_362.JPEG,n03388043_247.JPEG,n09193705_90.JPEG,n07715103_206.JPEG
430,n02233338_360.JPEG,n01784675_236.JPEG,n01698640_142.JPEG,n02123045_4.JPEG
431,n02927161_442.JPEG,n02504458_399.JPEG,n04254777_100.JPEG,n02815834_202.JPEG
432,n03980874_157.JPEG,n03089624_220.JPEG,n04259630_344.JPEG,n03637318_174.JPEG
433,n02279972_60.JPEG,n03637318_345.JPEG,n04366367_273.JPEG,n04376876_13.JPEG
434,n03617480_350.JPEG,n04456115_392.JPEG,n04118538_53.JPEG,n02206856_30.JPEG
435,n02231487_306.JPEG,n04399382_466.JPEG,n04356056_400.JPEG,n03126707_251.JPEG
436,n02279972_455.JPEG,n02814860_379.JPEG,n03388043_164.JPEG,n03447447_422.JPEG
437,n02802426_228.JPEG,n02795169_341.JPEG,n07720875_223.JPEG,n03042490_248.JPEG
438,n03662601_330.JPEG,n02948072_214.JPEG,n02486410_8.JPEG,n04417672_138.JPEG
439,n04179913_52.JPEG,n04285008_492.JPEG,n02129165_230.JPEG,n03796401_465.JPEG
440,n07711569_181.JPEG,n04099969_27.JPEG,n03976657_157.JPEG,n04398044_487.JPEG
441,n01698640_389.JPEG,n02321529_457.JPEG,n02666196_82.JPEG,n02437312_305.JPEG
442,n03662601_492.JPEG,n02395406_90.JPEG,n03837869_336.JPEG,n02002724_457.JPEG
443,n03637318_34.JPEG,n04532106_91.JPEG,n02074367_243.JPEG,n04456115_334.JPEG
444,n03970156_310.JPEG,n04179913_416.JPEG,n03854065_186.JPEG,n03763968_266.JPEG
445,n03042490_294.JPEG,n03992509_224.JPEG,n03649909_435.JPEG,n02793495_348.JPEG
446,n01443537_242.JPEG,n02892201_153.JPEG,n03670208_319.JPEG,n04328186_339.JPEG
447,n04456115_489.JPEG,n03763968_269.JPEG,n02791270_429.JPEG,n04486054_82.JPEG
448,n03937543_491.JPEG,n04254777_159.JPEG,n02123045_415.JPEG,n02279972_63.JPEG
449,n02281406_149.JPEG,n04596742_243.JPEG,n02988304_232.JPEG,n01945685_136.JPEG
450,n04507155_198.JPEG,n03355925_269.JPEG,n07695742_27.JPEG,n03100240_486.JPEG
451,n02977058_487.JPEG,n02666196_76.JPEG,n02231487_26.JPEG,n03584254_29.JPEG
452,n03970156_272.JPEG,n04311004_302.JPEG,n07734744_183.JPEG,n07711569_296.JPEG
453,n04099969_252.JPEG,n04398044_104.JPEG,n02002724_270.JPEG,n03599486_168.JPEG
454,n03992509_273.JPEG,n02085620_396.JPEG,n02480495_137.JPEG,n04074963_182.JPEG
455,n07768694_184.JPEG,n04398044_461.JPEG,n02395406_485.JPEG,n07873807_99.JPEG
456,n06596364_425.JPEG,n02002724_261.JPEG,n03814639_369.JPEG,n03393912_220.JPEG
457,n02480495_326.JPEG,n02927161_225.JPEG,n03670208_282.JPEG,n02437312_403.JPEG
458,n04399382_402.JPEG,n04562935_309.JPEG,n02791270_180.JPEG,n03854065_314.JPEG
459,n07920052_46.JPEG,n09193705_364.JPEG,n01641577_356.JPEG,n02814533_271.JPEG
460,n02410509_17.JPEG,n03891332_194.JPEG,n02988304_143.JPEG,n02085620_114.JPEG
461,n04486054_118.JPEG,n03085013_67.JPEG,n04417672_280.JPEG,n03980874_275.JPEG
462,n09332890_119.JPEG,n07749582_113.JPEG,n02395406_262.JPEG,n02480495_457.JPEG
463,n02843684_86.JPEG,n02883205_124.JPEG,n04067472_394.JPEG,n02699494_193.JPEG
464,n02125311_424.JPEG,n02125311_418.JPEG,n03930313_4.JPEG,n02094433_450.JPEG
465,n03400231_123.JPEG,n04023962_487.JPEG,n03637318_335.JPEG,n02509815_143.JPEG
466,n02814533_357.JPEG,n02321529_139.JPEG,n03970156_356.JPEG,n03937543_185.JPEG
467,n04265275_187.JPEG,n07583066_470.JPEG,n04328186_323.JPEG,n02948072_427.JPEG
468,n01774750_145.JPEG,n02415577_91.JPEG,n03814639_256.JPEG,n02085620_144.JPEG
469,n06596364_81.JPEG,n02917067_251.JPEG,n03400231_428.JPEG,n01944390_306.JPEG
470,n03424325_291.JPEG,n02423022_173.JPEG,n04259630_484.JPEG,n01742172_188.JPEG
471,n02977058_246.JPEG,n09246464_152.JPEG,n02769748_135.JPEG,n09332890_411.JPEG
472,n02988304_324.JPEG,n04265275_278.JPEG,n04398044_427.JPEG,n01882714_85.JPEG
473,n02124075_187.JPEG,n07695742_427.JPEG,n02002724_155.JPEG,n04366367_115.JPEG
474,n03854065_218.JPEG,n03617480_82.JPEG,n07749582_253.JPEG,n02423022_150.JPEG
475,n07711569_495.JPEG,n04275548_135.JPEG,n01983481_482.JPEG,n02056570_391.JPEG
476,n03126707_198.JPEG,n04540053_452.JPEG,n04501370_76.JPEG,n03814639_221.JPEG
477,n03983396_405.JPEG,n01983481_71.JPEG,n04371430_37.JPEG,n03902125_98.JPEG
478,n03424325_167.JPEG,n07768694_310.JPEG,n04456115_344.JPEG,n02906734_343.JPEG
479,n03085013_247.JPEG,n04285008_283.JPEG,n04465501_128.JPEG,n02480495_237.JPEG
480,n04465501_197.JPEG,n01770393_148.JPEG,n01944390_308.JPEG,n02977058_447.JPEG
481,n02823428_23.JPEG,n02099712_196.JPEG,n03388043_262.JPEG,n02423022_161.JPEG
482,n02099712_384.JPEG,n04259630_42.JPEG,n03599486_378.JPEG,n01910747_389.JPEG
483,n03089624_153.JPEG,n01698640_371.JPEG,n01774750_299.JPEG,n02927161_14.JPEG
484,n02056570_338.JPEG,n02281406_487.JPEG,n03637318_6.JPEG,n02906734_440.JPEG
485,n02791270_332.JPEG,n02666196_428.JPEG,n04398044_320.JPEG,n03617480_346.JPEG
486,n07715103_469.JPEG,n07711569_404.JPEG,n01768244_203.JPEG,n03250847_50.JPEG
487,n03544143_199.JPEG,n01443537_487.JPEG,n02403003_212.JPEG,n04118538_472.JPEG
488,n09246464_326.JPEG,n03255030_231.JPEG,n03447447_317.JPEG,n12267677_485.JPEG
489,n02841315_3.JPEG,n02669723_415.JPEG,n02666196_332.JPEG,n03838899_469.JPEG
490,n04486054_145.JPEG,n03838899_248.JPEG,n02791270_177.JPEG,n07715103_408.JPEG
491,n04254777_254.JPEG,n01944390_122.JPEG,n04023962_53.JPEG,n02769748_290.JPEG
492,n03838899_66.JPEG,n03617480_125.JPEG,n02950826_448.JPEG,n03983396_100.JPEG
493,n02056570_466.JPEG,n03970156_439.JPEG,n07720875_154.JPEG,n02106662_97.JPEG
494,n07695742_221.JPEG,n07711569_117.JPEG,n04596742_396.JPEG,n04070727_466.JPEG
495,n04532670_108.JPEG,n03733131_390.JPEG,n04254777_346.JPEG,n02504458_187.JPEG
496,n04486054_305.JPEG,n02917067_262.JPEG,n03026506_315.JPEG,n02113799_425.JPEG
497,n01768244_259.JPEG,n03355925_255.JPEG,n07753592_372.JPEG,n02480495_199.JPEG
498,n01945685_172.JPEG,n03770439_142.JPEG,n04540053_279.JPEG,n02841315_377.JPEG
499,n07873807_178.JPEG,n02124075_386.JPEG,n04099969_479.JPEG,n02795169_242.JPEG
